companyId,companyName,companyUrl,location,sector
165158.0,Netflix,https://www.linkedin.com/company/netflix?trk=public_jobs_topcard-org-name,"Los Gatos, CA",Entertainment Providers
2620735.0,Lyft,https://www.linkedin.com/company/lyft?trk=public_jobs_topcard-org-name,"San Francisco County, CA",Ground Passenger Transportation
10667.0,Meta,https://www.linkedin.com/company/meta?trk=public_jobs_topcard-org-name,"New York, NY","Technology, Information and Internet"
80392352.0,Paces,https://www.linkedin.com/company/pacesai?trk=public_jobs_topcard-org-name,"New York, NY",Software Development
3526554.0,BDG,https://www.linkedin.com/company/bdg?trk=public_jobs_topcard-org-name,"New York, NY",Online Audio and Video Media
78378114.0,Paramount,https://www.linkedin.com/company/paramountco?trk=public_jobs_topcard-org-name,"New York, NY",Entertainment Providers
16153604.0,"ReTech Labs, Inc.",https://www.linkedin.com/company/retech-labs-inc?trk=public_jobs_topcard-org-name,"San Diego, CA",Information Technology & Services
1447520.0,Samsung Electronics America,https://www.linkedin.com/company/samsung-electronics-america?trk=public_jobs_topcard-org-name,"Mountain View, CA",Computers and Electronics Manufacturing
3832633.0,Calm,https://www.linkedin.com/company/calm-com?trk=public_jobs_topcard-org-name,"San Francisco, CA",Mental Health Care
222322.0,"Kwik Trip, Inc.",https://www.linkedin.com/company/kwik-trip-inc-?trk=public_jobs_topcard-org-name,"La Crosse, WI",Retail
2454643.0,HelloFresh,https://de.linkedin.com/company/hellofresh?trk=public_jobs_topcard-org-name,"New York, NY",Consumer Services
74737673.0,NEXT Ventures,https://ae.linkedin.com/company/nextventuresofficial?trk=public_jobs_topcard-org-name,"Edison, NJ",Consumer Services
22688.0,Atlassian,https://au.linkedin.com/company/atlassian?trk=public_jobs_topcard-org-name,"Austin, TX",Software Development
1482.0,PayPal,https://www.linkedin.com/company/paypal?trk=public_jobs_topcard-org-name,"San Jose, CA","Software Development, Financial Services, and Technology, Information and Internet"
81884275.0,Suno,https://www.linkedin.com/company/sunomusic?trk=public_jobs_topcard-org-name,"Boston, MA","Technology, Information and Internet"
204575.0,InterWorks,https://www.linkedin.com/company/interworks?trk=public_jobs_topcard-org-name,"Oklahoma City, OK","Technology, Information and Internet"
1318.0,Wipro,https://in.linkedin.com/company/wipro?trk=public_jobs_topcard-org-name,"Boston, MA",IT Services and IT Consulting
93246786.0,Accroid Inc,https://www.linkedin.com/company/accroid-inc?trk=public_jobs_topcard-org-name,"Jersey City, NJ",IT Services and IT Consulting
5837.0,Omron Automation,https://www.linkedin.com/company/omron-automation-americas?trk=public_jobs_topcard-org-name,"Hoffman Estates, IL","Appliances, Electrical, and Electronics Manufacturing"
1916708.0,Nextdoor,https://www.linkedin.com/company/nextdoor-com?trk=public_jobs_topcard-org-name,"San Francisco, CA","Technology, Information and Internet"
2658876.0,Peloton Interactive,https://www.linkedin.com/company/peloton-interactive-?trk=public_jobs_topcard-org-name,"New York, NY","Technology, Information and Internet"
3365729.0,CondÃ© Nast,https://www.linkedin.com/company/conde-nast?trk=public_jobs_topcard-org-name,New York City Metropolitan Area,Media Production
28665250.0,"APiJET, LLC",https://www.linkedin.com/company/apijet?trk=public_jobs_topcard-org-name,"Seattle, WA",Airlines and Aviation
1154342.0,Family Office,https://www.linkedin.com/company/family-office_2?trk=public_jobs_topcard-org-name,"Los Angeles, CA",Capital Markets
69639337.0,BeaconFire Inc.,https://www.linkedin.com/company/beaconfireinc?trk=public_jobs_topcard-org-name,"New Jersey, United States",IT Services and IT Consulting
9477.0,"Agero, Inc.",https://www.linkedin.com/company/agero-inc-?trk=public_jobs_topcard-org-name,United States,IT Services and IT Consulting
51732630.0,Garner Health,https://www.linkedin.com/company/getgarner?trk=public_jobs_topcard-org-name,"New York, NY","Technology, Information and Internet"
13030788.0,Headway,https://www.linkedin.com/company/find-headway-com?trk=public_jobs_topcard-org-name,United States,Mental Health Care
529693.0,TextNow,https://ca.linkedin.com/company/textnow?trk=public_jobs_topcard-org-name,"New York, NY","Telecommunications, IT Services and IT Consulting, and Software Development"
89214964.0,Flagler Health,https://www.linkedin.com/company/flagler-health?trk=public_jobs_topcard-org-name,"New York, NY","Technology, Information and Internet"
80446438.0,Pomelo Care,https://www.linkedin.com/company/pomelo-care?trk=public_jobs_topcard-org-name,"San Francisco, CA",Hospitals and Health Care
1586.0,Amazon,https://www.linkedin.com/company/amazon?trk=public_jobs_topcard-org-name,"Bellevue, WA",Software Development
3015.0,Mastercard,https://www.linkedin.com/company/mastercard?trk=public_jobs_topcard-org-name,"Arlington, VA","Financial Services, IT Services and IT Consulting, and Technology, Information and Internet"
18445891.0,Oshi Health,https://www.linkedin.com/company/oshihealth?trk=public_jobs_topcard-org-name,"Chicago, IL","Technology, Information and Internet"
1269.0,Chubb,https://ch.linkedin.com/company/chubb?trk=public_jobs_topcard-org-name,"Jersey City, NJ",Insurance
18059273.0,MNJ SOFTWARE,https://in.linkedin.com/company/mnjsoftware?trk=public_jobs_topcard-org-name,"Home, KS",IT Services and IT Consulting
2751451.0,Rite,https://www.linkedin.com/company/ritesoftware?trk=public_jobs_topcard-org-name,"Renton, WA",IT Services and IT Consulting
3240627.0,Saatchi & Saatchi (We Are Saatchi),https://www.linkedin.com/company/we-are-saatchi?trk=public_jobs_topcard-org-name,"El Segundo, CA",Advertising Services
66321745.0,SynergisticIT,https://www.linkedin.com/company/synergisticit?trk=public_jobs_topcard-org-name,"Illinois, United States",IT Services and IT Consulting
17981957.0,Two Chairs,https://www.linkedin.com/company/two-chairs?trk=public_jobs_topcard-org-name,United States,Mental Health Care
1431.0,PepsiCo,https://www.linkedin.com/company/pepsico?trk=public_jobs_topcard-org-name,"Plano, TX",Manufacturing and Food and Beverage Services
80517752.0,Magic,https://www.linkedin.com/company/magicailabs?trk=public_jobs_topcard-org-name,"San Francisco, CA",Software Development
3450.0,Analog Devices,https://www.linkedin.com/company/analog-devices?trk=public_jobs_topcard-org-name,"San Jose, CA",Semiconductor Manufacturing
1337.0,LinkedIn,https://www.linkedin.com/company/linkedin?trk=public_jobs_topcard-org-name,"Mountain View, CA","Technology, Information and Internet and IT Services and IT Consulting"
11137552.0,Veracity Software Inc,https://www.linkedin.com/company/veracitysoftwareinc?trk=public_jobs_topcard-org-name,"Jersey City, NJ",IT Services and IT Consulting
19031767.0,Hayden AI,https://www.linkedin.com/company/haydenaitech?trk=public_jobs_topcard-org-name,"San Francisco, CA",Software Development
9215489.0,Saragossa,https://uk.linkedin.com/company/saragossa?trk=public_jobs_topcard-org-name,"New York, United States",Financial Services
2139901.0,Everlaw,https://www.linkedin.com/company/everlaw?trk=public_jobs_topcard-org-name,"Oakland, CA",Software Development
2380.0,United Airlines,https://www.linkedin.com/company/united-airlines?trk=public_jobs_topcard-org-name,"Chicago, IL",Airlines and Aviation
1167899.0,Double Good,https://www.linkedin.com/company/doublegood?trk=public_jobs_topcard-org-name,"Chicago, IL","Technology, Information and Internet"
10801123.0,M Science,https://www.linkedin.com/company/m-science-llc?trk=public_jobs_topcard-org-name,New York City Metropolitan Area,Financial Services and Market Research
6125149.0,Verition Fund Management LLC,https://www.linkedin.com/company/verition?trk=public_jobs_topcard-org-name,"New York, NY",Software Development
3255717.0,Distributor Wire & Cable,https://www.linkedin.com/company/distributor-wire-cable?trk=public_jobs_topcard-org-name,"Aurora, CO",Internet Publishing
164518.0,Jackson,https://www.linkedin.com/company/jackson?trk=public_jobs_topcard-org-name,"Nashville, TN",Financial Services and Insurance
2646.0,Walmart,https://www.linkedin.com/company/walmart?trk=public_jobs_topcard-org-name,"Sunnyvale, CA",Retail
93109232.0,Guac,https://www.linkedin.com/company/guac-ai?trk=public_jobs_topcard-org-name,"New York, NY",Software Development
33246798.0,TikTok,https://www.linkedin.com/company/tiktok?trk=public_jobs_topcard-org-name,"San Jose, CA",Entertainment Providers
20922.0,National Audubon Society,https://www.linkedin.com/company/national-audubon-society?trk=public_jobs_topcard-org-name,"New York, NY","Non-profit Organizations, Political Organizations, and Veterinary Services"
72048424.0,Forian Inc.,https://www.linkedin.com/company/forianinc?trk=public_jobs_topcard-org-name,United States,"Data Infrastructure and Analytics, Financial Services, and Hospitals and Health Care"
18503560.0,TechMasters,https://il.linkedin.com/company/tech-masters-il?trk=public_jobs_topcard-org-name,"South San Francisco, CA",Software Development
36094.0,GAINS,https://www.linkedin.com/company/gainsystems?trk=public_jobs_topcard-org-name,"Atlanta, GA",Internet Publishing
1035.0,Microsoft,https://www.linkedin.com/company/microsoft?trk=public_jobs_topcard-org-name,"Redmond, WA",Software Development
4030.0,Bose Corporation,https://www.linkedin.com/company/bose-corporation?trk=public_jobs_topcard-org-name,"Framingham, MA",Computers and Electronics Manufacturing and Motor Vehicle Manufacturing
52160608.0,Whatnot,https://www.linkedin.com/company/whatnot-inc?trk=public_jobs_topcard-org-name,Los Angeles Metropolitan Area,"Technology, Information and Internet"
26793.0,Apexon,https://www.linkedin.com/company/apexon?trk=public_jobs_topcard-org-name,"Dallas, TX",IT Services and IT Consulting
3876753.0,PILYTIX,https://www.linkedin.com/company/pilytix?trk=public_jobs_topcard-org-name,"Austin, TX",IT Services and IT Consulting
401618.0,Premier Group,https://uk.linkedin.com/company/premier-group-recruitment?trk=public_jobs_topcard-org-name,United States,Software Development and Manufacturing
74615750.0,Imprint,https://www.linkedin.com/company/imprint-payments?trk=public_jobs_topcard-org-name,"New York, NY",Financial Services
1283.0,Infosys,https://in.linkedin.com/company/infosys?trk=public_jobs_topcard-org-name,"Texas, United States",IT Services and IT Consulting
5279801.0,Bose Professional,https://www.linkedin.com/company/bose-professional?trk=public_jobs_topcard-org-name,"Hopkinton, MA",Internet Publishing
166658.0,University of Notre Dame,https://www.linkedin.com/school/university-of-notre-dame/?trk=public_jobs_topcard-org-name,"Notre Dame, IN",Higher Education
2684737.0,Plaid,https://www.linkedin.com/company/plaid-?trk=public_jobs_topcard-org-name,"San Francisco, CA","Software Development, Technology, Information and Internet, and Financial Services"
18048544.0,Crux,https://www.linkedin.com/company/cruxinformatics?trk=public_jobs_topcard-org-name,"New York, NY",Software Development
65137.0,Q2,https://www.linkedin.com/company/q2software?trk=public_jobs_topcard-org-name,"Austin, TX",Financial Services
7971559.0,PatientIQ,https://www.linkedin.com/company/patientiq?trk=public_jobs_topcard-org-name,"Chicago, IL",IT Services and IT Consulting
28619152.0,PadSplit,https://www.linkedin.com/company/padsplit?trk=public_jobs_topcard-org-name,"Indiana, United States",Real Estate
532234.0,MMG Insurance,https://www.linkedin.com/company/mmg-insurance?trk=public_jobs_topcard-org-name,"Presque Isle, ME",Insurance
10788836.0,VieCure,https://www.linkedin.com/company/viecure?trk=public_jobs_topcard-org-name,Denver Metropolitan Area,"Software Development, IT System Custom Software Development, and Hospitals and Health Care"
85677.0,Georgia Pacific,https://www.linkedin.com/company/georgia-pacific-2?trk=public_jobs_topcard-org-name,"Atlanta, GA",Paper and Forest Product Manufacturing
361843.0,Uber Agency,https://uk.linkedin.com/company/ubercreativedigitalagency?trk=public_jobs_topcard-org-name,"Daly City, CA",Advertising Services
5045143.0,StackAdapt,https://ca.linkedin.com/company/stackadapt?trk=public_jobs_topcard-org-name,United States,"Technology, Information and Internet"
28868872.0,Astrana Health,https://www.linkedin.com/company/astranahealth?trk=public_jobs_topcard-org-name,"Alhambra, CA",Hospitals and Health Care
1353.0,Tata Consultancy Services,https://in.linkedin.com/company/tata-consultancy-services?trk=public_jobs_topcard-org-name,"Atlanta, GA",IT Services and IT Consulting
34072.0,Hiebing,https://www.linkedin.com/company/hiebing?trk=public_jobs_topcard-org-name,"Madison, WI",Internet Publishing
3067.0,Tech Mahindra,https://in.linkedin.com/company/tech-mahindra?trk=public_jobs_topcard-org-name,"Jacksonville, FL",Banking
2433416.0,Chewy,https://www.linkedin.com/company/chewy-com?trk=public_jobs_topcard-org-name,"Plantation, FL",Retail
15259345.0,Citadel Securities,https://www.linkedin.com/company/citadel-securities?trk=public_jobs_topcard-org-name,"Miami, FL",Financial Services
28987090.0,Abridge,https://www.linkedin.com/company/abridgehq?trk=public_jobs_topcard-org-name,"San Francisco, CA",Hospitals and Health Care
76262108.0,Kumo,https://www.linkedin.com/company/kumo-ai?trk=public_jobs_topcard-org-name,"Mountain View, CA",Software Development
51634180.0,"Global Soft Systems, Inc.",https://www.linkedin.com/company/global-soft-systems?trk=public_jobs_topcard-org-name,"Bentonville, AR",Information Technology & Services
210064.0,Genpact,https://www.linkedin.com/company/genpact?trk=public_jobs_topcard-org-name,"New York, United States",Business Consulting and Services
15191764.0,Snap Inc.,https://www.linkedin.com/company/snap-inc-co?trk=public_jobs_topcard-org-name,"Los Angeles, CA",Software Development
46623.0,"GEI Consultants, Inc.",https://www.linkedin.com/company/gei-consultants-inc-?trk=public_jobs_topcard-org-name,"Ithaca, NY",Environmental Services and Renewable Energy Semiconductor Manufacturing
3106804.0,Avant,https://www.linkedin.com/company/avant-us?trk=public_jobs_topcard-org-name,Greater Chicago Area,Financial Services
716360.0,"Princeton IT Services, Inc",https://www.linkedin.com/company/princeton-it-services-inc?trk=public_jobs_topcard-org-name,"Jersey City, NJ",Information Technology & Services
5234457.0,Hamilton Barnes ðŸŒ³,https://uk.linkedin.com/company/hamilton-barnes?trk=public_jobs_topcard-org-name,"Denver, CO",IT Services and IT Consulting
383369.0,Irvine Technology Corporation,https://www.linkedin.com/company/irvine-technology-corporation?trk=public_jobs_topcard-org-name,United States,Information Services
66758119.0,Actifai,https://www.linkedin.com/company/actifai?trk=public_jobs_topcard-org-name,"Washington, DC",Internet Publishing
96880536.0,Constellation Search Group,https://www.linkedin.com/company/constellation-search-group?trk=public_jobs_topcard-org-name,"Baltimore, MD",Hospitals and Health Care
1821549.0,FanDuel,https://www.linkedin.com/company/fanduel?trk=public_jobs_topcard-org-name,"Atlanta, GA",Gambling Facilities and Casinos and Spectator Sports
3042775.0,Mondo,https://www.linkedin.com/company/mondo?trk=public_jobs_topcard-org-name,United States,Biotechnology Research
3052223.0,Demyst,https://www.linkedin.com/company/demystdata?trk=public_jobs_topcard-org-name,United States,"Technology, Information and Internet"
11300833.0,CGS Federal (Contact Government Services),https://www.linkedin.com/company/contact-government-services-cgs?trk=public_jobs_topcard-org-name,"Los Angeles, CA",Software Development
35478479.0,Middesk,https://www.linkedin.com/company/middesk?trk=public_jobs_topcard-org-name,"New York, NY","Technology, Information and Internet"
90667110.0,Ccube,https://www.linkedin.com/company/ccube-inc?trk=public_jobs_topcard-org-name,"Alpharetta, GA",Internet Publishing
5250800.0,Point72,https://www.linkedin.com/company/point72-asset-management-l-p-?trk=public_jobs_topcard-org-name,"Florida, United States",Financial Services
18722039.0,Canary Technologies,https://www.linkedin.com/company/canarytech?trk=public_jobs_topcard-org-name,United States,Hospitality
101021.0,Elder Research,https://www.linkedin.com/company/elder-research-inc?trk=public_jobs_topcard-org-name,United States,IT Services and IT Consulting
1742506.0,INSPYR Solutions,https://www.linkedin.com/company/inspyrsolutions?trk=public_jobs_topcard-org-name,"Vienna, VA",Banking and Financial Services
77837310.0,Camlin Group,https://uk.linkedin.com/company/camlin-groupcom?trk=public_jobs_topcard-org-name,"Norcross, GA","Services for Renewable Energy, Appliances, Electrical, and Electronics Manufacturing, and Technology, Information and Media"
27007409.0,Aureon Consulting,https://www.linkedin.com/company/aureon-consulting1?trk=public_jobs_topcard-org-name,Des Moines Metropolitan Area,Financial Services and Insurance
18104003.0,LSG Sky Chefs,https://de.linkedin.com/company/lsg-sky-chefs?trk=public_jobs_topcard-org-name,"Irving, TX",Food and Beverage Manufacturing
15901706.0,Compass Health Center,https://www.linkedin.com/company/compasshealthcenter?trk=public_jobs_topcard-org-name,"Northbrook, IL",Mental Health Care
102017555.0,SIDRAM TECHNOLOGIES,https://www.linkedin.com/company/sidram-tech?trk=public_jobs_topcard-org-name,"Charlotte, NC","Technology, Information and Internet"
11070.0,Ryan,https://www.linkedin.com/company/ryan?trk=public_jobs_topcard-org-name,"Dallas, TX",Financial Services
7556.0,Sam's Club,https://www.linkedin.com/company/sam's-club?trk=public_jobs_topcard-org-name,"Sunnyvale, CA",Retail
164711.0,Lennar,https://www.linkedin.com/company/lennar?trk=public_jobs_topcard-org-name,"Irving, TX",Real Estate
1469436.0,Omitron Inc.,https://www.linkedin.com/company/omitron-inc-?trk=public_jobs_topcard-org-name,"Melbourne, FL",Defense & Space
2829078.0,RxAnte,https://www.linkedin.com/company/rxante-inc-?trk=public_jobs_topcard-org-name,"Portland, ME",IT Services and IT Consulting
856702.0,RightClick,https://www.linkedin.com/company/rightclick?trk=public_jobs_topcard-org-name,"Fairfield County, CT",Software Development
2815.0,Aramark,https://www.linkedin.com/company/aramark?trk=public_jobs_topcard-org-name,"Philadelphia, PA",Hospitality
100690228.0,YO IT CONSULTING,https://www.linkedin.com/company/yoitconsulting?trk=public_jobs_topcard-org-name,"Glendale, CA","Technology, Information and Internet"
89936203.0,Meetsta,https://www.linkedin.com/company/meetsta?trk=public_jobs_topcard-org-name,United States,Software Development
40655225.0,Omega Holdings,https://www.linkedin.com/company/omegaholdings?trk=public_jobs_topcard-org-name,"Irving, TX",Motor Vehicle Manufacturing
99080702.0,TIFIN AG,https://www.linkedin.com/company/tifin-ag?trk=public_jobs_topcard-org-name,"Charlotte, NC",Financial Services
2833966.0,TekSalt Solutions,https://www.linkedin.com/company/teksalt?trk=public_jobs_topcard-org-name,"Charlotte, NC",IT Services and IT Consulting
36232.0,KellyMitchell Group,https://www.linkedin.com/company/kelly-mitchell-group-inc?trk=public_jobs_topcard-org-name,"Orlando, FL",IT Services and IT Consulting
15691.0,Interstate Batteries,https://www.linkedin.com/company/interstate-batteries?trk=public_jobs_topcard-org-name,"Dallas, TX",Manufacturing
15249661.0,The California State University,https://www.linkedin.com/school/the-california-state-university/?trk=public_jobs_topcard-org-name,"San Jose, CA",Higher Education
78445528.0,PRO IT USA,https://www.linkedin.com/company/proit-usa?trk=public_jobs_topcard-org-name,"New York, NY",Human Resources
74012521.0,Evio,https://www.linkedin.com/company/eviopharmacysolutions?trk=public_jobs_topcard-org-name,United States,"Software Development, Technology, Information and Internet, and IT Services and IT Consulting"
136203.0,Droisys,https://www.linkedin.com/company/droisys?trk=public_jobs_topcard-org-name,United States,Software Development
22456.0,Beacon Hill,https://www.linkedin.com/company/beacon-hill-bhsg?trk=public_jobs_topcard-org-name,"Frankford, NJ",Data Infrastructure and Analytics
2289109.0,Instagram,https://www.linkedin.com/company/instagram?trk=public_jobs_topcard-org-name,"New York, NY","Technology, Information and Internet"
7577299.0,Wider Circle,https://www.linkedin.com/company/widercircle?trk=public_jobs_topcard-org-name,United States,IT Services and IT Consulting
3650502.0,Figma,https://www.linkedin.com/company/figma?trk=public_jobs_topcard-org-name,"New York, NY",Design Services
523382.0,INVISTA,https://www.linkedin.com/company/invista?trk=public_jobs_topcard-org-name,"Wichita, KS",Chemical Manufacturing
11028146.0,MotoRad Ltd.,https://il.linkedin.com/company/motorad?trk=public_jobs_topcard-org-name,"Roswell, GA",Motor Vehicle Manufacturing
95313.0,TalentBridge,https://www.linkedin.com/company/talentbridge?trk=public_jobs_topcard-org-name,"San Jose, CA",Software Development and IT System Custom Software Development
36095797.0,EvenUp,https://www.linkedin.com/company/evenup?trk=public_jobs_topcard-org-name,"San Francisco, CA","Technology, Information and Internet"
96668235.0,"NasTech Global, Inc.,",https://www.linkedin.com/company/nastechglobal?trk=public_jobs_topcard-org-name,"Nashville, TN",IT Services and IT Consulting
49151727.0,Publicis Collective,https://www.linkedin.com/company/publicis-collective?trk=public_jobs_topcard-org-name,"New York, NY",Advertising Services
445873.0,McCarthy & Holthus LLP,https://www.linkedin.com/company/mccarthy-&-holthus-llp?trk=public_jobs_topcard-org-name,"San Diego, CA",Law Practice
23662.0,Kimball Midwest,https://www.linkedin.com/company/kimball-midwest?trk=public_jobs_topcard-org-name,"Columbus, OH",Wholesale
86694680.0,Ascendion,https://www.linkedin.com/company/ascendion?trk=public_jobs_topcard-org-name,"McLean, VA",Banking and Financial Services
162515.0,Aristotle,https://www.linkedin.com/company/aristotle?trk=public_jobs_topcard-org-name,"Provo, UT",IT Services and IT Consulting
18476.0,Brooksource,https://www.linkedin.com/company/brooksource?trk=public_jobs_topcard-org-name,Cincinnati Metropolitan Area,"Financial Services, Banking, and Investment Banking"
1097.0,Verizon Data Services,https://www.linkedin.com/company/verizon-data-services?trk=public_jobs_topcard-org-name,"Ashburn, VA",Telecommunications
9319439.0,Bombora,https://www.linkedin.com/company/bomboradata?trk=public_jobs_topcard-org-name,"Reno, NV","Technology, Information and Internet"
3653845.0,Snowflake,https://www.linkedin.com/company/snowflake-computing?trk=public_jobs_topcard-org-name,"Bellevue, WA",Software Development
1834233.0,Mastercard Processing S.A.,https://pl.linkedin.com/company/mastercard-payment-transaction-services-sa?trk=public_jobs_topcard-org-name,"Arlington, VA",Financial Services
90439523.0,Samooha,https://www.linkedin.com/company/samoohatech?trk=public_jobs_topcard-org-name,"San Mateo, CA",Software Development
11104.0,"Broadcast Music, Inc. (BMI)",https://www.linkedin.com/company/bmi?trk=public_jobs_topcard-org-name,"Nashville, TN",Musicians
33258172.0,Seneca Nation Group,https://www.linkedin.com/company/seneca-nation-group?trk=public_jobs_topcard-org-name,"Washington, DC","Technology, Information and Internet"
40787483.0,Thryv,https://www.linkedin.com/company/thryvinc?trk=public_jobs_topcard-org-name,United States,Marketing Services
3879704.0,Republic Finance,https://www.linkedin.com/company/republic-finance?trk=public_jobs_topcard-org-name,"Plano, TX",Financial Services
73072.0,Cadent,https://www.linkedin.com/company/cadenttv?trk=public_jobs_topcard-org-name,"Jacksonville, FL",Advertising Services
2689946.0,BayOne Solutions,https://www.linkedin.com/company/bayone-solutions?trk=public_jobs_topcard-org-name,"Sunnyvale, CA",Retail
72742192.0,EDGE,https://www.linkedin.com/company/edgescore?trk=public_jobs_topcard-org-name,"Chicago, IL",Financial Services
2284.0,Dow Jones,https://www.linkedin.com/company/dow-jones?trk=public_jobs_topcard-org-name,"Gaithersburg, MD",Online Audio and Video Media
11787695.0,ASCENDING Inc.,https://www.linkedin.com/company/ascendingllc?trk=public_jobs_topcard-org-name,"Fairfax, VA",Internet Publishing
4593.0,Western Digital,https://www.linkedin.com/company/western-digital?trk=public_jobs_topcard-org-name,"San Jose, CA","Computer Hardware Manufacturing, Computers and Electronics Manufacturing, and Semiconductor Manufacturing"
40783.0,Inceed,https://www.linkedin.com/company/inceed?trk=public_jobs_topcard-org-name,"Oklahoma City, OK",Staffing and Recruiting
70099836.0,Volastra Therapeutics,https://www.linkedin.com/company/volastra-therapeutics?trk=public_jobs_topcard-org-name,"New York, NY","Technology, Information and Internet"
520950.0,R.E. Mason,https://www.linkedin.com/company/remason?trk=public_jobs_topcard-org-name,"Durham, NC",Software Development
3493.0,Conagra Brands,https://www.linkedin.com/company/conagra-brands?trk=public_jobs_topcard-org-name,"Chicago, IL",Food and Beverage Services and Food and Beverage Manufacturing
3088.0,Travelers,https://www.linkedin.com/company/travelers?trk=public_jobs_topcard-org-name,"Hartford, CT",Insurance
3358364.0,Artifact UprisingÂ®,https://www.linkedin.com/company/artifact-uprising?trk=public_jobs_topcard-org-name,"Denver, CO",Manufacturing
3965520.0,Checchi Capital,https://www.linkedin.com/company/checchi-capital-advisers?trk=public_jobs_topcard-org-name,"Beverly Hills, CA",Investment Management
226644.0,Sports Business Journal,https://www.linkedin.com/company/sports-business-journal?trk=public_jobs_topcard-org-name,United States,Spectator Sports
67435.0,Connecticut Innovations,https://www.linkedin.com/company/connecticut-innovations?trk=public_jobs_topcard-org-name,"New Haven, CT",Utilities and Software Development
4725.0,Mayo Clinic,https://www.linkedin.com/company/mayo-clinic?trk=public_jobs_topcard-org-name,"Rochester, MN",Hospitals and Health Care
71664418.0,VRGL,https://www.linkedin.com/company/vrgl?trk=public_jobs_topcard-org-name,"Dallas, TX",Investment Management and Software Development
29550.0,Innovation Works,https://www.linkedin.com/company/innovation-works?trk=public_jobs_topcard-org-name,"Pittsburgh, PA",Internet Publishing
76322470.0,N-able,https://www.linkedin.com/company/n-able?trk=public_jobs_topcard-org-name,"Austin, TX",IT Services and IT Consulting
72143958.0,"Anglicotech, LLC",https://www.linkedin.com/company/anglicotech?trk=public_jobs_topcard-org-name,"Honolulu, HI",IT Services and IT Consulting
72008814.0,Ownwell,https://www.linkedin.com/company/ownwell?trk=public_jobs_topcard-org-name,"Austin, TX","Technology, Information and Internet"
81777085.0,Digital Janet,https://www.linkedin.com/company/digitaljanetllc?trk=public_jobs_topcard-org-name,United States,IT Services and IT Consulting
13703.0,Magna International,https://ca.linkedin.com/company/magna-international?trk=public_jobs_topcard-org-name,"Lowell, MA",Motor Vehicle Manufacturing
9240.0,Garmin,https://www.linkedin.com/company/garmin?trk=public_jobs_topcard-org-name,"Olathe, KS",Computers and Electronics Manufacturing
74742192.0,Read AI,https://www.linkedin.com/company/readinc?trk=public_jobs_topcard-org-name,"Seattle, WA","Software Development, Technology, Information and Internet, and IT Services and IT Consulting"
9240985.0,Shamrock Trading Corporation,https://www.linkedin.com/company/shamrock-trading-corp-?trk=public_jobs_topcard-org-name,"Overland Park, KS",Truck Transportation
3076.0,Kforce Inc,https://www.linkedin.com/company/kforce?trk=public_jobs_topcard-org-name,"Austin, TX","Retail Office Equipment, E-Learning Providers, and Professional Training and Coaching"
9344338.0,Heaven Hill Brands,https://www.linkedin.com/company/heaven-hill-brands?trk=public_jobs_topcard-org-name,"Louisville, KY",Beverage Manufacturing
11400117.0,Top Stack,https://www.linkedin.com/company/topstackgroup?trk=public_jobs_topcard-org-name,"King of Prussia, PA",Financial Services and Biotechnology Research
5001964.0,Curant Health,https://www.linkedin.com/company/curant-health?trk=public_jobs_topcard-org-name,"Smyrna, GA",Hospitals and Health Care
68021109.0,Careers at Roambee,https://www.linkedin.com/company/careers-at-roambee?trk=public_jobs_topcard-org-name,"Dallas, TX","Transportation, Logistics, Supply Chain and Storage"
15749701.0,KDA CONSULTING INC,https://www.linkedin.com/company/kda-consulting-inc?trk=public_jobs_topcard-org-name,"Herndon, VA",IT Services and IT Consulting
18043.0,Addison Group,https://www.linkedin.com/company/addisongroup?trk=public_jobs_topcard-org-name,"Houston, TX",Services for Renewable Energy
300092.0,wowbrands,https://www.linkedin.com/company/wowbrands?trk=public_jobs_topcard-org-name,"Columbus, OH",Advertising Services
35590008.0,Rockwoods Inc,https://www.linkedin.com/company/rockwoods-inc?trk=public_jobs_topcard-org-name,"Virginia, United States",Information Technology & Services
445839.0,Synergy ECP,https://www.linkedin.com/company/synergyecp?trk=public_jobs_topcard-org-name,"Annapolis Junction, MD",IT Services and IT Consulting
30324.0,Intelliswift - An LTTS Company,https://www.linkedin.com/company/intelliswift?trk=public_jobs_topcard-org-name,"Dublin, CA",Banking
96308949.0,Elicit,https://www.linkedin.com/company/elicit-research?trk=public_jobs_topcard-org-name,"Oakland, OR",Research Services
16167895.0,Agility Partners,https://www.linkedin.com/company/agilitypartners?trk=public_jobs_topcard-org-name,Cincinnati Metropolitan Area,Financial Services
34209.0,Complex NTWRK,https://www.linkedin.com/company/complex-ntwrk?trk=public_jobs_topcard-org-name,"Los Angeles, CA",Online Audio and Video Media
106170142.0,Luxevision Consulting LLC,https://www.linkedin.com/company/luxevision-consulting?trk=public_jobs_topcard-org-name,"San Marino, CA",Business Consulting and Services
24015.0,Medpace,https://www.linkedin.com/company/medpace?trk=public_jobs_topcard-org-name,"Cincinnati, OH",Pharmaceutical Manufacturing
83745.0,MetroStar,https://www.linkedin.com/company/metrostar-systems?trk=public_jobs_topcard-org-name,"Washington, DC","Technology, Information and Internet"
207470.0,Spotify,https://se.linkedin.com/company/spotify?trk=public_jobs_topcard-org-name,"New York, NY",Musicians
2610.0,Panasonic North America,https://www.linkedin.com/company/panasonic-northamerica?trk=public_jobs_topcard-org-name,"Newark, NJ","Appliances, Electrical, and Electronics Manufacturing"
482314.0,"KCI, LLC",https://www.linkedin.com/company/kci-llc?trk=public_jobs_topcard-org-name,"Charlotte, NC",Telecommunications
854801.0,Interclypse,https://www.linkedin.com/company/interclypse?trk=public_jobs_topcard-org-name,"Annapolis Junction, MD",IT Services and IT Consulting
349016.0,SBLI,https://www.linkedin.com/company/sbli-of-massachusetts?trk=public_jobs_topcard-org-name,"Woburn, MA",Insurance
1222117.0,Ovivo,https://ca.linkedin.com/company/ovivo?trk=public_jobs_topcard-org-name,"Round Rock, TX",Environmental Services
346779.0,PrismHR,https://www.linkedin.com/company/prismhr?trk=public_jobs_topcard-org-name,"Chandler, AZ","IT Services and IT Consulting, Software Development, and Human Resources Services"
242227.0,SECU Credit Union,https://www.linkedin.com/company/secumd?trk=public_jobs_topcard-org-name,"Linthicum, MD",Financial Services
9089.0,World Wide Technology,https://www.linkedin.com/company/world-wide-technology?trk=public_jobs_topcard-org-name,"Issaquah, WA",IT Services and IT Consulting
18434905.0,Evolus,https://www.linkedin.com/company/evolusaesthetic?trk=public_jobs_topcard-org-name,"Newport Beach, CA",Wellness and Fitness Services
1309861.0,Medical Home Network,https://www.linkedin.com/company/medical-home-network?trk=public_jobs_topcard-org-name,United States,Hospitals and Health Care
96692.0,"V-Soft Consulting Group, Inc.",https://www.linkedin.com/company/vsoftconsulting?trk=public_jobs_topcard-org-name,"Cincinnati, OH",IT Services and IT Consulting
11130470.0,OpenAI,https://www.linkedin.com/company/openai?trk=public_jobs_topcard-org-name,"San Francisco, CA",Research Services
92956375.0,IntelliTech,https://www.linkedin.com/company/intellitech-llc?trk=public_jobs_topcard-org-name,"Alexandria, VA",Internet Publishing
521134.0,People Tech Group Inc,https://www.linkedin.com/company/people-tech-group-inc?trk=public_jobs_topcard-org-name,"Seattle, WA",Information Services and IT Services and IT Consulting
1798546.0,Foodsmart,https://www.linkedin.com/company/hellofoodsmart?trk=public_jobs_topcard-org-name,United States,Wellness and Fitness Services
18084.0,Houston Rockets,https://www.linkedin.com/company/houston-rockets?trk=public_jobs_topcard-org-name,"Houston, TX",Spectator Sports
11213376.0,Orbis,https://www.linkedin.com/company/orbisoperations?trk=public_jobs_topcard-org-name,"Chantilly, VA",Government Relations
62869757.0,First Soft Solutions LLC,https://www.linkedin.com/company/first-soft-solutions?trk=public_jobs_topcard-org-name,"Jersey City, NJ",IT Services and IT Consulting
19256.0,Prestige Staffing,https://www.linkedin.com/company/prestige-staffing?trk=public_jobs_topcard-org-name,"City of Industry, CA",Retail Apparel and Fashion
33318412.0,Coterie Insurance,https://www.linkedin.com/company/coterieinsurance?trk=public_jobs_topcard-org-name,United States,Insurance
25204.0,Golden State Foods,https://www.linkedin.com/company/golden-state-foods?trk=public_jobs_topcard-org-name,"Irvine, CA","Food Production, Manufacturing, and Transportation, Logistics, Supply Chain and Storage"
1798047.0,Associate Staffing,https://www.linkedin.com/company/associate-staffing-llc?trk=public_jobs_topcard-org-name,United States,Staffing and Recruiting
18758749.0,Lucas James Talent Partners,https://www.linkedin.com/company/lucas-james-talent-partners?trk=public_jobs_topcard-org-name,"Bloomington, MN",Staffing and Recruiting and Software Development
10813033.0,Hinge Health,https://www.linkedin.com/company/hinge-health?trk=public_jobs_topcard-org-name,"San Francisco, CA",Software Development
628480.0,PDI Technologies,https://www.linkedin.com/company/pdi-technologies?trk=public_jobs_topcard-org-name,"Dallas, TX",Software Development
99282368.0,Bright Mind Solutions LLC,https://www.linkedin.com/company/bright-mind-solutions-llc?trk=public_jobs_topcard-org-name,United States,"Computer and Network Security, Computer Networking Products, and Software Development"
5303930.0,Climb Credit,https://www.linkedin.com/company/climb-credit?trk=public_jobs_topcard-org-name,New York City Metropolitan Area,Financial Services
56432.0,Next Ventures,https://uk.linkedin.com/company/next-ventures?trk=public_jobs_topcard-org-name,"Edison, NJ","Banking, Capital Markets, and Financial Services"
309694.0,Airbnb,https://www.linkedin.com/company/airbnb?trk=public_jobs_topcard-org-name,United States,Software Development
75530431.0,Interwell Health,https://www.linkedin.com/company/interwell-health?trk=public_jobs_topcard-org-name,"Boston, MA","Technology, Information and Internet"
167750.0,Techstars,https://www.linkedin.com/company/techstars?trk=public_jobs_topcard-org-name,"Denver, CO",Venture Capital and Private Equity Principals
10456809.0,OneSource Regulatory (A ProPharma Group Company),https://www.linkedin.com/company/onesource-regulatory?trk=public_jobs_topcard-org-name,"McKinney, TX",Pharmaceutical Manufacturing
10640787.0,Maven,https://www.linkedin.com/company/choosemaven?trk=public_jobs_topcard-org-name,"Ohio, United States","Information Services, Medical Equipment Manufacturing, and Health and Human Services"
90432789.0,LiveMarket,https://www.linkedin.com/company/livemarketme?trk=public_jobs_topcard-org-name,"Boston, MA",Software Development
28591920.0,apexanalytix | Cyber Risk,https://uk.linkedin.com/company/apexanalytix-cyber-risk?trk=public_jobs_topcard-org-name,"Greensboro, NC","Technology, Information and Internet"
10795459.0,OneTrust,https://www.linkedin.com/company/onetrust?trk=public_jobs_topcard-org-name,"Atlanta, GA",Software Development
334570.0,Intrepid,https://www.linkedin.com/company/intrepid-inc?trk=public_jobs_topcard-org-name,"Arlington, VA",Defense and Space Manufacturing
10217975.0,"CACG, LLC",https://www.linkedin.com/company/cacg-llc?trk=public_jobs_topcard-org-name,"Fort George G. Meade, MD",Internet Publishing
34666.0,City Bank,https://www.linkedin.com/company/city-bank?trk=public_jobs_topcard-org-name,"Lubbock, TX",Financial Services
91447303.0,Dexian,https://www.linkedin.com/company/dexiansolutions?trk=public_jobs_topcard-org-name,"Westlake, TX",Insurance
9402.0,"Medline Industries, LP",https://www.linkedin.com/company/medline-industries?trk=public_jobs_topcard-org-name,"Northbrook, IL",Medical Equipment Manufacturing
11816115.0,Revelio Labs,https://www.linkedin.com/company/revelio-labs?trk=public_jobs_topcard-org-name,United States,"Technology, Information and Media and Information Services"
153364.0,Genesis Global Workforce Solutions,https://www.linkedin.com/company/genesis-global-recruiting?trk=public_jobs_topcard-org-name,"San Jose, CA","Technology, Information and Media and Software Development"
17933978.0,Fathom,https://www.linkedin.com/company/fathom-health?trk=public_jobs_topcard-org-name,"San Francisco, CA","Technology, Information and Internet"
2025248.0,Munetrix + SchoolData,https://www.linkedin.com/company/munetrix?trk=public_jobs_topcard-org-name,United States,Information Technology & Services
27191862.0,TapestryHealth,https://www.linkedin.com/company/tapestry-telehealth?trk=public_jobs_topcard-org-name,United States,Hospitals and Health Care
217273.0,Ampcus Inc,https://www.linkedin.com/company/ampcus-inc?trk=public_jobs_topcard-org-name,"Austin, TX",IT Services and IT Consulting
36211.0,Kobie Marketing,https://www.linkedin.com/company/kobie-marketing?trk=public_jobs_topcard-org-name,"St. Petersburg, FL","Technology, Information and Internet"
35690611.0,Infotree Global Solutions,https://www.linkedin.com/company/infotree-global-solutions?trk=public_jobs_topcard-org-name,"Cupertino, CA","IT Services and IT Consulting, Information Services, and Technology, Information and Media"
92634982.0,Copeland,https://www.linkedin.com/company/copeland?trk=public_jobs_topcard-org-name,"St Louis, MO",Climate Technology Product Manufacturing
2412133.0,i360,https://www.linkedin.com/company/i360-llc?trk=public_jobs_topcard-org-name,"Arlington, VA",IT Services and IT Consulting
1977526.0,Rokt,https://www.linkedin.com/company/rokt?trk=public_jobs_topcard-org-name,"Seattle, WA","Advertising Services, Technology, Information and Internet, and Software Development"
15258405.0,Cloud Resources LLC,https://www.linkedin.com/company/cloud-resources-inc?trk=public_jobs_topcard-org-name,"Texas, United States",IT Services and IT Consulting
1195377.0,KBRA,https://www.linkedin.com/company/kroll-bond-rating-agency-llc?trk=public_jobs_topcard-org-name,"New York, NY","Technology, Information and Internet"
16939.0,"GOJO, Makers of PURELL",https://www.linkedin.com/company/gojo-industries?trk=public_jobs_topcard-org-name,"Akron, OH","Chemical Manufacturing, Personal Care Product Manufacturing, and Manufacturing"
77158779.0,"VMC Soft Technologies, Inc",https://www.linkedin.com/company/vmc-soft-technologies-inc?trk=public_jobs_topcard-org-name,"Sunnyvale, CA",IT Services and IT Consulting
85645770.0,Figure,https://www.linkedin.com/company/figure-ai?trk=public_jobs_topcard-org-name,"Sunnyvale, CA",Machinery Manufacturing
16690.0,Compunnel Inc.,https://www.linkedin.com/company/compunnel-software-group?trk=public_jobs_topcard-org-name,"Nashville, TN",IT Services and IT Consulting
3333121.0,CORMAC,https://www.linkedin.com/company/cormac-corporation?trk=public_jobs_topcard-org-name,United States,IT Services and IT Consulting
102677437.0,Starcom Consultant,https://www.linkedin.com/company/starcom-consultant?trk=public_jobs_topcard-org-name,"Reston, VA",IT Services and IT Consulting
65588154.0,"Kelly Science, Engineering, Technology & Telecom",https://www.linkedin.com/company/kelly-science-engineering-technology?trk=public_jobs_topcard-org-name,"Johnston, IA",Motor Vehicle Manufacturing
10592585.0,Ledgent Technology,https://www.linkedin.com/company/ledgent-technology?trk=public_jobs_topcard-org-name,"Portland, OR",Information Services
1277.0,American Express,https://www.linkedin.com/company/american-express?trk=public_jobs_topcard-org-name,"Phoenix, AZ",Financial Services
11801243.0,Methods+Mastery,https://www.linkedin.com/company/methods-mastery?trk=public_jobs_topcard-org-name,"California, United States",Advertising Services
28417.0,Ascendum Solutions,https://www.linkedin.com/company/ascendum-solutions?trk=public_jobs_topcard-org-name,"Cincinnati, OH",IT Services and IT Consulting
164159.0,H-E-B,https://www.linkedin.com/company/heb?trk=public_jobs_topcard-org-name,"San Antonio, TX",Retail
52186161.0,Pickle Robot Company,https://www.linkedin.com/company/pickle-robot-company?trk=public_jobs_topcard-org-name,"Cambridge, MA",Software Development
29308.0,StevenDouglas,https://www.linkedin.com/company/stevendouglashq?trk=public_jobs_topcard-org-name,"Reston, VA",Staffing and Recruiting
3283052.0,Grubhub,https://www.linkedin.com/company/grubhub-seamless?trk=public_jobs_topcard-org-name,"Chicago, IL","Technology, Information and Internet"
1058415.0,Benzinga,https://www.linkedin.com/company/benzinga?trk=public_jobs_topcard-org-name,"Detroit, MI",Online Audio and Video Media
57681755.0,MWIDM,https://www.linkedin.com/company/mwidm?trk=public_jobs_topcard-org-name,"Reston, VA","IT Services and IT Consulting, Financial Services, and IT System Operations and Maintenance"
69732469.0,Acunor,https://www.linkedin.com/company/acunor?trk=public_jobs_topcard-org-name,San Francisco Bay Area,Financial Services and Banking
15982140.0,Particle41,https://www.linkedin.com/company/particle41?trk=public_jobs_topcard-org-name,"Texas City, TX","Technology, Information and Internet"
12580762.0,Mortgage Research Center,https://www.linkedin.com/company/mtgresearchnews?trk=public_jobs_topcard-org-name,"Columbia, MO",Advertising Services
157344.0,San JosÃ© State University,https://www.linkedin.com/school/san-jose-state-university/?trk=public_jobs_topcard-org-name,"San Jose, CA",Higher Education
17943955.0,Wiliot,https://il.linkedin.com/company/wiliot?trk=public_jobs_topcard-org-name,"Plano, TX","Technology, Information and Internet"
1503.0,Massachusetts Institute of Technology,https://www.linkedin.com/school/mit/?trk=public_jobs_topcard-org-name,"Cambridge, MA",Higher Education
1028.0,Oracle,https://www.linkedin.com/company/oracle?trk=public_jobs_topcard-org-name,"Reston, VA",IT Services and IT Consulting
2661018.0,Tronair Inc.,https://www.linkedin.com/company/tronair-inc-?trk=public_jobs_topcard-org-name,"Swanton, OH",Aviation and Aerospace Component Manufacturing
3486.0,Hays,https://uk.linkedin.com/company/hays?trk=public_jobs_topcard-org-name,"Raleigh, NC","IT System Data Services, Data Infrastructure and Analytics, and IT System Design Services"
23717227.0,Rinsed,https://www.linkedin.com/company/rinsed?trk=public_jobs_topcard-org-name,"New York, NY","Technology, Information and Internet"
1441.0,Google,https://www.linkedin.com/company/google?trk=public_jobs_topcard-org-name,"Sunnyvale, CA","Information Services and Technology, Information and Internet"
10476.0,IonIdea,https://www.linkedin.com/company/ionidea?trk=public_jobs_topcard-org-name,"Bloomfield, CT",Information Technology & Services
280637.0,Northstrat Incorporated,https://www.linkedin.com/company/northstrat-incorporated?trk=public_jobs_topcard-org-name,"Colorado Springs, CO",IT Services and IT Consulting
5996.0,W. L. Gore & Associates,https://www.linkedin.com/company/gore?trk=public_jobs_topcard-org-name,"Newark, DE",Medical Equipment Manufacturing
134112.0,Garney Construction,https://www.linkedin.com/company/garney-construction?trk=public_jobs_topcard-org-name,"North Kansas City, MO",Construction
2531104.0,"Connect Search, LLC",https://www.linkedin.com/company/connect-search-llc?trk=public_jobs_topcard-org-name,"Chicago, IL",Manufacturing
71405910.0,"ACS Consultancy Services, Inc",https://www.linkedin.com/company/acs-consultancyservices-inc?trk=public_jobs_topcard-org-name,United States,IT Services and IT Consulting
80873376.0,HR Professional Consulting,https://www.linkedin.com/company/hr-professional-consulting?trk=public_jobs_topcard-org-name,"Louisiana, United States",Internet Publishing
74475378.0,Acceler8 Talent,https://www.linkedin.com/company/acceler8-talent?trk=public_jobs_topcard-org-name,San Francisco Bay Area,IT Services and IT Consulting
5094099.0,Block + Tackle,https://www.linkedin.com/company/block&tackle?trk=public_jobs_topcard-org-name,Atlanta Metropolitan Area,Business Consulting and Services
82256378.0,Dorsia,https://www.linkedin.com/company/dorsiaapp?trk=public_jobs_topcard-org-name,"Miami, FL","Technology, Information and Internet"
19283.0,Trinity Consultants,https://www.linkedin.com/company/trinity-consultants?trk=public_jobs_topcard-org-name,Dallas-Fort Worth Metroplex,Environmental Services
2678950.0,Golden Technology,https://www.linkedin.com/company/golden-technology-inc?trk=public_jobs_topcard-org-name,United States,IT Services and IT Consulting
52638.0,Mainz Brady Group,https://www.linkedin.com/company/mainz-brady-group?trk=public_jobs_topcard-org-name,United States,"Technology, Information and Media, Retail Apparel and Fashion, and Retail"
13149.0,Mindteck,https://in.linkedin.com/company/mindteck?trk=public_jobs_topcard-org-name,"Columbus, OH",IT Services and IT Consulting
1304385.0,AbbVie,https://www.linkedin.com/company/abbvie?trk=public_jobs_topcard-org-name,"Mettawa, IL",Pharmaceutical Manufacturing and Biotechnology Research
98846464.0,1st10,https://www.linkedin.com/company/1st10?trk=public_jobs_topcard-org-name,"Los Altos, CA","Venture Capital and Private Equity Principals, Software Development, and Technology, Information and Internet"
2240906.0,ITnova,https://www.linkedin.com/company/itnovaconsulting?trk=public_jobs_topcard-org-name,"Jersey City, NJ","Technology, Information and Internet"
102609.0,"GENESYS Consulting Services, Inc.",https://www.linkedin.com/company/genesys-consulting-services?trk=public_jobs_topcard-org-name,"Utica, NY",Staffing and Recruiting
165602.0,"Pyramid Consulting, Inc",https://www.linkedin.com/company/pyramid-consulting?trk=public_jobs_topcard-org-name,"McLean, VA",Banking
36873.0,CubeSmart,https://www.linkedin.com/company/cubesmart?trk=public_jobs_topcard-org-name,"Malvern, PA",Real Estate
8598.0,MAPFRE,https://es.linkedin.com/company/mapfre?trk=public_jobs_topcard-org-name,"Webster, MA",Insurance
3657.0,Penn State University,https://www.linkedin.com/school/penn-state-university/?trk=public_jobs_topcard-org-name,"University Park, PA",Higher Education
439859.0,Qualis LLC,https://www.linkedin.com/company/qualis-llc?trk=public_jobs_topcard-org-name,"Washington, DC",IT Services and IT Consulting
1128772.0,HKA Enterprises,https://www.linkedin.com/company/hka_2?trk=public_jobs_topcard-org-name,United States,IT Services and IT Consulting
18377405.0,Lightmatter,https://www.linkedin.com/company/lightmatter?trk=public_jobs_topcard-org-name,"Mountain View, CA",Construction
9353551.0,Hearst Health,https://www.linkedin.com/company/hearst-health?trk=public_jobs_topcard-org-name,"Dallas, TX",Hospitals and Health Care
80427781.0,Walmart Data Ventures,https://www.linkedin.com/company/walmartdataventures?trk=public_jobs_topcard-org-name,"Sunnyvale, CA",Data Infrastructure and Analytics
18270648.0,Afresh,https://www.linkedin.com/company/afreshtechnologies?trk=public_jobs_topcard-org-name,"San Francisco, CA",Software Development
81933911.0,SumerSports,https://www.linkedin.com/company/sumersports?trk=public_jobs_topcard-org-name,"New York, NY","Technology, Information and Internet"
16229187.0,CGS,https://www.linkedin.com/company/cgsnetworks?trk=public_jobs_topcard-org-name,"Florida, United States",IT Services and IT Consulting
65529778.0,iO Associates - US,https://www.linkedin.com/company/ioassociates-us?trk=public_jobs_topcard-org-name,"Richmond, VA",Data Infrastructure and Analytics
1120204.0,MyFitnessPal,https://www.linkedin.com/company/myfitnesspal?trk=public_jobs_topcard-org-name,"Austin, TX",Software Development
68541971.0,Ensemble VC,https://www.linkedin.com/company/ensemblevc?trk=public_jobs_topcard-org-name,"Austin, Texas Metropolitan Area",Venture Capital and Private Equity Principals
15401201.0,Venture Global LNG,https://www.linkedin.com/company/venture-global-lng-inc.?trk=public_jobs_topcard-org-name,"Arlington, VA","Technology, Information and Internet"
874210.0,Food52,https://www.linkedin.com/company/food52?trk=public_jobs_topcard-org-name,"Brooklyn, NY","Retail, Retail Furniture and Home Furnishings, and Food and Beverage Retail"
92632994.0,Sweetspot (YC S23),https://www.linkedin.com/company/sweetspotgov?trk=public_jobs_topcard-org-name,"New York, NY",Software Development
12953980.0,PuppySpot,https://www.linkedin.com/company/puppyspot?trk=public_jobs_topcard-org-name,United States,Internet Marketplace Platforms
60798.0,Protingent,https://www.linkedin.com/company/protingent?trk=public_jobs_topcard-org-name,"Mountain View, CA",Engineering Services
11829683.0,Buyers Edge Platform,https://www.linkedin.com/company/buyers-edge-platform?trk=public_jobs_topcard-org-name,United States,Hospitality
2904.0,City of New York,https://www.linkedin.com/company/city-of-new-york?trk=public_jobs_topcard-org-name,"Bronx, NY",Government Administration
2550297.0,AllianceIT Inc,https://www.linkedin.com/company/allianceit-inc?trk=public_jobs_topcard-org-name,United States,IT Services and IT Consulting and Software Development
32150.0,Denodo,https://www.linkedin.com/company/denodo-technologies?trk=public_jobs_topcard-org-name,"New York, NY",Software Development
72186786.0,Common Room,https://www.linkedin.com/company/common-room-hq?trk=public_jobs_topcard-org-name,United States,Software Development
4854165.0,Gravity IT Resources,https://www.linkedin.com/company/gravity-it-resources?trk=public_jobs_topcard-org-name,"Cincinnati, OH",Aviation and Aerospace Component Manufacturing
7412.0,AutoZone,https://www.linkedin.com/company/autozone?trk=public_jobs_topcard-org-name,"Memphis, TN",Retail
4787585.0,Ring,https://www.linkedin.com/company/ring-labs?trk=public_jobs_topcard-org-name,"Hawthorne, CA",Computers and Electronics Manufacturing
9385135.0,AMS Staffing Inc.,https://www.linkedin.com/company/ams-staffing?trk=public_jobs_topcard-org-name,"Washington, DC",Staffing and Recruiting
27179912.0,Arrow Search Partners,https://www.linkedin.com/company/arrow-search-partners?trk=public_jobs_topcard-org-name,"Denver, CO",Staffing and Recruiting
3684.0,Mastech Digital,https://www.linkedin.com/company/mastech?trk=public_jobs_topcard-org-name,Dallas-Fort Worth Metroplex,"Banking, Investment Banking, and Financial Services"
5140.0,Virtusa,https://www.linkedin.com/company/virtusa?trk=public_jobs_topcard-org-name,"Irving, TX",IT Services and IT Consulting
10378230.0,Bcore,https://www.linkedin.com/company/bridge-core?trk=public_jobs_topcard-org-name,"Chantilly, VA",IT Services and IT Consulting
72055323.0,Artmac,https://www.linkedin.com/company/artmac-soft-llc?trk=public_jobs_topcard-org-name,"Dallas, TX",Software Development
89247641.0,Deep Sync,https://www.linkedin.com/company/deepsyncbrand?trk=public_jobs_topcard-org-name,"Kirkland, WA",Marketing Services
162656.0,Bayside Solutions,https://www.linkedin.com/company/bayside-solutions?trk=public_jobs_topcard-org-name,"Dublin, CA",IT System Data Services
860823.0,Northgate Market,https://www.linkedin.com/company/northgatemarket?trk=public_jobs_topcard-org-name,"Anaheim, CA",Retail Groceries
157240.0,Capgemini,https://fr.linkedin.com/company/capgemini?trk=public_jobs_topcard-org-name,"Atlanta, GA",IT Services and IT Consulting
6825144.0,RADcube,https://www.linkedin.com/company/radcube?trk=public_jobs_topcard-org-name,"Indianapolis, IN",IT System Custom Software Development
10148384.0,Healthy Alliance,https://www.linkedin.com/company/healthyalliance?trk=public_jobs_topcard-org-name,"Schenectady, NY",Non-profit Organizations
11197463.0,PeopleCaddie,https://www.linkedin.com/company/peoplecaddie?trk=public_jobs_topcard-org-name,"Cincinnati, OH",Financial Services
1562578.0,Atlantis University,https://www.linkedin.com/school/atlantis-university/?trk=public_jobs_topcard-org-name,"Miami, FL",Higher Education
2499560.0,Incedo Inc.,https://www.linkedin.com/company/incedo-inc?trk=public_jobs_topcard-org-name,"Cleveland, OH",IT Services and IT Consulting
82159342.0,Career Renew,https://ro.linkedin.com/company/career-renew?trk=public_jobs_topcard-org-name,United States,IT Services and IT Consulting
77685626.0,MARSHALL TECHNOLOGIES INC,https://www.linkedin.com/company/marshall-technologies-inc?trk=public_jobs_topcard-org-name,"McLean, VA",IT Services and IT Consulting
27116538.0,ThinkTek,https://www.linkedin.com/company/thinktek-llc?trk=public_jobs_topcard-org-name,"Washington, DC",Business Consulting and Services
16167788.0,Epsilon EMEA,https://uk.linkedin.com/showcase/epsilon-emea-marketing-agency/?trk=public_jobs_topcard-org-name,"Atlanta, MI",Advertising Services
347778.0,MFour Mobile Research,https://www.linkedin.com/company/mfour-mobile-research?trk=public_jobs_topcard-org-name,"Kansas City, MO",Market Research
23441.0,Camping World,https://www.linkedin.com/company/campingworld?trk=public_jobs_topcard-org-name,"Lincolnshire, IL",Retail
503474.0,Miami Marlins and loanDepot park,https://www.linkedin.com/company/miami-marlins-l-p-?trk=public_jobs_topcard-org-name,"Miami, FL",Spectator Sports
72825.0,Anblicks,https://www.linkedin.com/company/anblicks?trk=public_jobs_topcard-org-name,"Dallas, TX","IT Services and IT Consulting, Software Development, and Data Infrastructure and Analytics"
2190.0,Visa,https://www.linkedin.com/company/visa?trk=public_jobs_topcard-org-name,"Mentor, OH",IT Services and IT Consulting
3595.0,ESPN,https://www.linkedin.com/company/espn?trk=public_jobs_topcard-org-name,"Bristol, CT",Broadcast Media Production and Distribution
2947777.0,iWorks Corporation,https://www.linkedin.com/company/iworks-corporation?trk=public_jobs_topcard-org-name,"Reston, VA",IT Services and IT Consulting
79693228.0,Atmospheric G2,https://www.linkedin.com/company/atmosphericg2?trk=public_jobs_topcard-org-name,"Manchester, NH",Financial Services
64515483.0,Nayya,https://www.linkedin.com/company/nayya?trk=public_jobs_topcard-org-name,"New York, NY",Software Development
2825305.0,Catalytic Data Science,https://www.linkedin.com/company/catalytic-data-science?trk=public_jobs_topcard-org-name,"Westport, CT",Biotechnology Research
56445.0,Odyssey Information Services,https://www.linkedin.com/company/odyssey-information-services?trk=public_jobs_topcard-org-name,Dallas-Fort Worth Metroplex,IT Services and IT Consulting and Hospitals
90415924.0,Overland AI,https://www.linkedin.com/company/overland-ai?trk=public_jobs_topcard-org-name,"Seattle, WA",Defense and Space Manufacturing
45680.0,Vanda Pharmaceuticals,https://www.linkedin.com/company/vanda-pharmaceuticals?trk=public_jobs_topcard-org-name,"Washington, DC","Pharmaceutical Manufacturing, Biotechnology Research, and Hospitals and Health Care"
3152304.0,Trolley House Refreshments,https://www.linkedin.com/showcase/trolley-house-refreshments/?trk=public_jobs_topcard-org-name,"Henrico, VA",Food & Beverages
801292.0,ABSC (Absolute Business Solutions Corp.),https://www.linkedin.com/company/absolute-business-solutions-corp?trk=public_jobs_topcard-org-name,"Fort Belvoir, VA",Defense & Space
8194.0,Axcelis Technologies,https://www.linkedin.com/company/axcelis-technologies?trk=public_jobs_topcard-org-name,"Beverly, MA",Semiconductor Manufacturing
2302613.0,National Safety Apparel,https://www.linkedin.com/company/national-safety-apparel?trk=public_jobs_topcard-org-name,"Cleveland, OH",Manufacturing
92893317.0,Windfall Bio,https://www.linkedin.com/company/windfallbio?trk=public_jobs_topcard-org-name,"San Mateo, CA","Technology, Information and Internet"
3559341.0,Handshake,https://www.linkedin.com/company/team-handshake?trk=public_jobs_topcard-org-name,"San Francisco, CA","Technology, Information and Internet and Software Development"
5827.0,University of Oregon,https://www.linkedin.com/school/university-of-oregon/?trk=public_jobs_topcard-org-name,"Eugene, OR",Higher Education
94207.0,"Pango Technology, Inc.",https://www.linkedin.com/company/pangotechnology?trk=public_jobs_topcard-org-name,"Anchorage, AK",Internet Publishing
25074192.0,Datavant,https://www.linkedin.com/company/datavant?trk=public_jobs_topcard-org-name,United States,Software Development
5322.0,ALTEN,https://fr.linkedin.com/company/alten?trk=public_jobs_topcard-org-name,"Colorado, United States",IT Services and IT Consulting
2748.0,Colgate-Palmolive,https://www.linkedin.com/company/colgate-palmolive?trk=public_jobs_topcard-org-name,"Piscataway, NJ","Manufacturing, Transportation, Logistics, Supply Chain and Storage, and Retail"
3833190.0,Twenty Ideas,https://www.linkedin.com/company/twenty-ideas?trk=public_jobs_topcard-org-name,"Eugene, OR",Software Development
84838512.0,ShanuDT IT Solutions INC,https://www.linkedin.com/company/shanudt-it-solutions-inc?trk=public_jobs_topcard-org-name,"Texas, United States",Information Technology & Services
1956.0,Sogeti,https://fr.linkedin.com/company/sogeti?trk=public_jobs_topcard-org-name,Greater Minneapolis-St. Paul Area,IT Services and IT Consulting
3537.0,Macquarie Group,https://au.linkedin.com/company/macquariegroup?trk=public_jobs_topcard-org-name,"Houston, TX",Financial Services
50820.0,"netPolarity, Inc. (Saicon Consultants, Inc.)",https://www.linkedin.com/company/netpolarity?trk=public_jobs_topcard-org-name,"San Jose, CA","IT Services and IT Consulting, Software Development, and IT System Custom Software Development"
18977.0,Infinitive,https://www.linkedin.com/company/infinitive?trk=public_jobs_topcard-org-name,"Ashburn, VA",Business Consulting and Services
29170.0,Wiss,https://www.linkedin.com/company/wissllp?trk=public_jobs_topcard-org-name,"Florham Park, NJ",Accounting
1315115.0,Widen the Net Limited,https://uk.linkedin.com/company/widenthenet?trk=public_jobs_topcard-org-name,"Houston, TX","Software Development, IT Services and IT Consulting, and Technology, Information and Media"
2385278.0,Precision Technologies,https://www.linkedin.com/company/precision-technologies-corp-?trk=public_jobs_topcard-org-name,"Jersey City, NJ",IT Services and IT Consulting
81884531.0,CSU Careers,https://www.linkedin.com/showcase/csu-careers/?trk=public_jobs_topcard-org-name,"San Jose, CA",Higher Education
104411273.0,Arcade,https://www.linkedin.com/company/arcadeinc?trk=public_jobs_topcard-org-name,"San Francisco, CA","Technology, Information and Internet"
79383535.0,Akkodis,https://www.linkedin.com/company/akkodis?trk=public_jobs_topcard-org-name,"Omaha, NE",IT Services and IT Consulting
35516092.0,"InfoSmart Technologies, Inc",https://www.linkedin.com/company/infosmart-technologies-inc?trk=public_jobs_topcard-org-name,"Indiana, United States",Information Technology & Services
1636943.0,"TeamBradley, Inc.",https://www.linkedin.com/company/teambradley?trk=public_jobs_topcard-org-name,"Addison, IL",Manufacturing
29619.0,HALO Branded Solutions,https://www.linkedin.com/company/halobrandedsolutions?trk=public_jobs_topcard-org-name,"Illinois, United States",Advertising Services
3631.0,MassMutual,https://www.linkedin.com/company/massmutual-financial-group?trk=public_jobs_topcard-org-name,"Springfield, MA",Financial Services
14858.0,Isagenix,https://www.linkedin.com/company/isagenix?trk=public_jobs_topcard-org-name,"Gilbert, AZ",Wellness and Fitness Services
55702.0,InterVision Systems,https://www.linkedin.com/company/intervisionsystems?trk=public_jobs_topcard-org-name,"Chesterfield, MO",IT Services and IT Consulting
285112.0,"Omnitech, Inc.",https://www.linkedin.com/company/omnitech-inc.?trk=public_jobs_topcard-org-name,"Sioux Falls, SD",Information Technology & Services
18007.0,Press Ganey,https://www.linkedin.com/company/press-ganey-associates?trk=public_jobs_topcard-org-name,"Chicago, IL",Hospitals and Health Care
11712114.0,Traxen,https://www.linkedin.com/company/traxen?trk=public_jobs_topcard-org-name,"Plymouth, MI",Truck Transportation
82316701.0,nurdsoft,https://www.linkedin.com/company/nurdsoft?trk=public_jobs_topcard-org-name,United States,Internet Publishing
2010798.0,Tiger Analytics,https://www.linkedin.com/company/tiger-analytics?trk=public_jobs_topcard-org-name,"Charlotte, NC",IT Services and IT Consulting
267137.0,Public Health Solutions,https://www.linkedin.com/company/wearephsny?trk=public_jobs_topcard-org-name,"New York, NY",Non-profit Organizations
68302528.0,Snorkel AI,https://www.linkedin.com/company/snorkel-ai?trk=public_jobs_topcard-org-name,"San Francisco, CA",Software Development
1910344.0,Talution Group,https://www.linkedin.com/company/talution-group?trk=public_jobs_topcard-org-name,"Rosemont, IL",IT Services and IT Consulting
1732084.0,Aperia,https://www.linkedin.com/company/aperia-solutions-inc.?trk=public_jobs_topcard-org-name,"Omaha, NE","Technology, Information and Internet"
1292.0,The Walt Disney Company,https://www.linkedin.com/company/the-walt-disney-company?trk=public_jobs_topcard-org-name,"Santa Monica, CA",Entertainment Providers
18106262.0,CloudKitchens,https://www.linkedin.com/company/cloudkitchens?trk=public_jobs_topcard-org-name,"Mountain View, CA","Real Estate, Data Infrastructure and Analytics, and Information Services"
3765.0,GroupM,https://www.linkedin.com/company/groupmworldwide?trk=public_jobs_topcard-org-name,"New York, NY",Advertising Services
33636.0,Rheem Manufacturing,https://www.linkedin.com/company/rheem-manufacturing?trk=public_jobs_topcard-org-name,"Atlanta, GA",Manufacturing
1415.0,CGI,https://ca.linkedin.com/company/cgi?trk=public_jobs_topcard-org-name,United States,IT Services and IT Consulting
79907466.0,Allnessjobs,https://www.linkedin.com/company/allnessjobs?trk=public_jobs_topcard-org-name,"Washington, DC",Human Resources Services
96139831.0,DataAnnotation,https://www.linkedin.com/company/dataannotationtech?trk=public_jobs_topcard-org-name,United States,"Software Development, Computer and Network Security, and Engineering Services"
10196036.0,SNGULAR,https://es.linkedin.com/company/sngular?trk=public_jobs_topcard-org-name,United States,Information Technology & Services
23772.0,Houston Astros,https://www.linkedin.com/company/houston-astros?trk=public_jobs_topcard-org-name,"Houston, TX",Spectator Sports
25030011.0,Accenture Federal Services,https://www.linkedin.com/company/accenturefederalservices?trk=public_jobs_topcard-org-name,"Virginia, United States",IT Services and IT Consulting
35143.0,"Modern Technology Solutions, Inc. (MTSI)",https://www.linkedin.com/company/mtsi?trk=public_jobs_topcard-org-name,"Colorado Springs, CO",Space Research and Technology
18244263.0,Heluna Health,https://www.linkedin.com/company/heluna-health?trk=public_jobs_topcard-org-name,"Los Angeles, CA",Non-profit Organizations
218487.0,Business Knowledge Services,https://www.linkedin.com/company/business-knowledge-services?trk=public_jobs_topcard-org-name,"Maryland, United States","IT System Custom Software Development, IT System Data Services, and IT Services and IT Consulting"
11855072.0,Dune,https://no.linkedin.com/company/dune-analytics?trk=public_jobs_topcard-org-name,United States,Software Development
11241935.0,Engtal,https://www.linkedin.com/company/engtal?trk=public_jobs_topcard-org-name,"Austin, TX",Services for Renewable Energy
91445367.0,ARETUM,https://www.linkedin.com/company/aretum-holdings-llc?trk=public_jobs_topcard-org-name,"Fort Belvoir, VA","Technology, Information and Internet"
76439524.0,MedScout,https://www.linkedin.com/company/medscout-inc?trk=public_jobs_topcard-org-name,United States,Software Development
3831.0,Northern Trust,https://www.linkedin.com/company/northern-trust?trk=public_jobs_topcard-org-name,"Chicago, IL",Financial Services
3762.0,Discover Financial Services,https://www.linkedin.com/company/discover-financial-services?trk=public_jobs_topcard-org-name,"Riverwoods, IL","Financial Services, Banking, and Hospitality"
77547.0,Superior Beverage Group,https://www.linkedin.com/company/superior-beverage-group?trk=public_jobs_topcard-org-name,Greater Cleveland,Wholesale
1373602.0,Hopper,https://ca.linkedin.com/company/hopper?trk=public_jobs_topcard-org-name,United States,"Technology, Information and Internet"
69338417.0,"EXL Service Philippines, Inc.",https://ph.linkedin.com/company/exl-philippines?trk=public_jobs_topcard-org-name,"Hartford, CT",Outsourcing and Offshoring Consulting
76312.0,Okland Construction,https://www.linkedin.com/company/okland-construction?trk=public_jobs_topcard-org-name,"Salt Lake City, UT",Construction
37538.0,"Gardner Resources Consulting, LLC",https://www.linkedin.com/company/grcstaffing?trk=public_jobs_topcard-org-name,"Secaucus, NJ",Financial Services
1681.0,Robert Half,https://www.linkedin.com/company/robert-half-international?trk=public_jobs_topcard-org-name,Washington DC-Baltimore Area,Staffing and Recruiting and Financial Services
14653152.0,A United Pakistan,https://pk.linkedin.com/company/aunitedpakistan?trk=public_jobs_topcard-org-name,"Roanoke, TX",Research
7075.0,Meijer,https://www.linkedin.com/company/meijer?trk=public_jobs_topcard-org-name,"Grand Rapids, MI",Retail
68692234.0,B9,https://www.linkedin.com/company/b-nine?trk=public_jobs_topcard-org-name,"Miami, FL","Technology, Information and Internet"
78627785.0,Electra,https://www.linkedin.com/company/electra-earth?trk=public_jobs_topcard-org-name,"Boulder, CO",Primary Metal Manufacturing
2980860.0,Optimized Payments,https://www.linkedin.com/company/optimized-payments?trk=public_jobs_topcard-org-name,"Atlanta, GA",Financial Services
89522484.0,Augustine Talent Group,https://www.linkedin.com/company/augustine-talent-group?trk=public_jobs_topcard-org-name,"Houston, TX","Financial Services, Investment Management, and Venture Capital and Private Equity Principals"
68313053.0,Royal Caribbean Group,https://www.linkedin.com/company/royal-caribbean-group?trk=public_jobs_topcard-org-name,"Miami, FL",Travel Arrangements
12241.0,"Wawa, Inc.",https://www.linkedin.com/company/wawa-inc-?trk=public_jobs_topcard-org-name,"Media, PA",Retail
7162834.0,RKT Holdings,https://www.linkedin.com/company/rkt-holdings?trk=public_jobs_topcard-org-name,"Detroit, MI",IT Services and IT Consulting
1663.0,Eli Lilly and Company,https://www.linkedin.com/company/eli-lilly-and-company?trk=public_jobs_topcard-org-name,"Indianapolis, IN",Pharmaceutical Manufacturing
3302167.0,Mapbox,https://www.linkedin.com/company/mapbox?trk=public_jobs_topcard-org-name,"San Francisco, CA",Software Development
18633749.0,Strativ Group,https://uk.linkedin.com/company/strativgroup?trk=public_jobs_topcard-org-name,"San Francisco, CA",Software Development
245926.0,NYC Department of Health and Mental Hygiene,https://www.linkedin.com/company/nyc-department-of-health-and-mental-hygiene?trk=public_jobs_topcard-org-name,"All, MO",Hospitals and Health Care
165640.0,Radian,https://www.linkedin.com/company/radian?trk=public_jobs_topcard-org-name,United States,Financial Services
21279.0,TALENT Software Services,https://www.linkedin.com/company/talent-software-services?trk=public_jobs_topcard-org-name,"Herndon, VA",IT Services and IT Consulting
12906038.0,ResortPass,https://www.linkedin.com/company/resortpass?trk=public_jobs_topcard-org-name,"New York, United States",Internet Marketplace Platforms
29289303.0,Horizontal Talent,https://www.linkedin.com/company/horizontal-talent?trk=public_jobs_topcard-org-name,"Maple Grove, MN",Staffing and Recruiting
27423.0,Republic National Distributing Company,https://www.linkedin.com/company/republic-national-distributing-company?trk=public_jobs_topcard-org-name,"Atlanta, GA",Beverage Manufacturing
2873708.0,Castalia Systems,https://www.linkedin.com/company/castalia-systems?trk=public_jobs_topcard-org-name,"Chantilly, VA",Defense & Space
17900793.0,Waymo,https://www.linkedin.com/company/waymo?trk=public_jobs_topcard-org-name,"Mountain View, CA","Technology, Information and Internet"
809238.0,Soft Tech Consulting,https://www.linkedin.com/company/soft-tech-consulting?trk=public_jobs_topcard-org-name,"Atlanta, GA",IT Services and IT Consulting
5262441.0,IT Minds LLC,https://www.linkedin.com/company/itminds-llc?trk=public_jobs_topcard-org-name,"Sunnyvale, CA",IT Services and IT Consulting
2908890.0,AbsoluteCare,https://www.linkedin.com/company/absolutecare?trk=public_jobs_topcard-org-name,United States,Hospitals and Health Care
2684081.0,Optomi,https://www.linkedin.com/company/optomi?trk=public_jobs_topcard-org-name,"Dallas, TX",Financial Services
72494634.0,Acrisure Innovation,https://www.linkedin.com/showcase/acrisure-technology-group/?trk=public_jobs_topcard-org-name,"Austin, TX",Software Development
923974.0,Xperit,https://nl.linkedin.com/company/xperit-group-bv?trk=public_jobs_topcard-org-name,"Junior, WV",IT Services and IT Consulting
